Artist,Sort Artist,Album,Tracks,Discs,Album DR,Date Master,Date Release,Bit Depth,Sample Rate,Channels,# Covers,Cover Width,Cover Height,Fixed Album Name,Description,Discogs Master,Discogs Release,Musicbrainz Release Group,Musicbrainz Album
Justin Currie,"Currie, Justin",This Is My Kingdom Now [2017 CD 44kHz DR06],13,1,06,2017,2017,16,44,2,1,1500,1500,,,,10279494,,4bf5214f-5510-44e0-8805-79b172fb3a1c
Justin Currie,"Currie, Justin",What Is Love For [2007 CD 44kHz DR07],12,1,07,2007,2007,16,44,2,1,1400,1400,,,552456,1570245,,8bb374be-2885-41c0-950a-481ed69b046b
Justin Currie,"Currie, Justin",Lower Reaches [2013 CD 44kHz DR08],10,1,08,2013,2013,16,44,2,1,1500,1500,,,1026826,10330696,,415052ca-80ce-40fb-811b-5c71386ce05f
Justin Currie,"Currie, Justin",The Great War [2010 Qobuz 44kHz DR06],11,1,06,2010,2010,16,44,2,1,1400,1400,,Qobuz,m696626,4866120,12e600ed-ed86-4596-b8f5-439da984995a,249ff5e5-5c2a-485f-b560-a8ea88ae4310
Shakespear's Sister,Shakespears Sister,Singles Party (1988-2019) [2019 CD 44kHz DR06],14,2,06,2019,2019,16,44,2,1,1500,1500,,,m1581859,13888281,9c861ccf-0d57-465a-abb9-adb2fbbe5de8,ebf82aad-9f4c-451d-ae5b-9466edc5221c
The Smiths,"Smiths, The",The World Won't Listen [1987 CD 44kHz DR12],16,1,12,1987,1987,16,44,2,1,1500,1500,,,m21169,486491,987715ca-eb75-3aeb-bb5e-84bc3428962b,b10ab229-b961-48c6-9eb0-ac0c06882143
The Cranberries,"Cranberries, The",No Need To Argue - The Complete Sessions 1994-1995 [2002 Qobuz 44kHz DR11],18,1,11,1994,2002,16,44,2,1,1390,1390,No Need To Argue - The Complete Sessions 1994-1995,Qobuz,m51107,9657136,,cce9a26e-c5bb-4feb-aec0-251074f96a83
Roger Taylor,"Taylor, Roger",Roger Taylor's Fun In Space [1996 CD 44kHz DR09],10,1,09,1981,1996,16,44,2,1,1500,1500,,,m60866,1601335,6de74481-fd31-3470-848b-44b242020a64,66965250-23d3-3c63-a51a-ecf05a7ad10c
The Housemartins,"Housemartins, The",London 0 Hull 4 [1986 CD 44kHz DR12],16,1,12,1986,1986,16,44,2,1,1500,1500,,,m29500,2446523,3bead24e-86b1-36c5-adfb-5a580355efb8,9bf51689-530e-43c7-8c72-ff65ebfd5270
The Housemartins,"Housemartins, The",Now That's What I Call Quite Good [1988 CD 44kHz DR12],24,1,12,1988,1988,16,44,2,1,1500,1500,,,,880474,87cc1369-370a-3d3e-8129-752da3588e6c,9c136531-7ffd-431a-a761-cf298c4daf44
The Heights,"Heights, The","Music From The Television Show ""The Heights"" [1992 CD 44kHz DR12]",14,1,12,1992,1992,16,44,2,1,2400,2400,,,546817,1227139,7e8bdf9f-26c9-3e46-bb06-7a0aa05a3dcd,8ddb46b4-97ad-4fec-80f8-9cb6cffa24a9
Chris Rea,"Rea, Chris",Shamrock Diaries (2019 Remaster) [2019 CD 44kHz DR11],13,2,11,1985,2019,16,44,2,1,1500,1500,Shamrock Diaries (2019 Remaster),,m114670,14288943,4f72328b-239e-300b-b409-530405de3485,ab1551f5-fe2c-4917-897c-49daab93be96
Chris Rea,"Rea, Chris",The Road To Hell [1989 CD 44kHz DR11],10,1,11,1989,1989,16,44,2,1,2560,2560,,,m114667,826215,a0c737b5-b41c-36c2-bacb-4538c68e1748,5048a101-571a-41d9-b369-2dc080497a17
Chris Rea,"Rea, Chris",Wired To The Moon [1991 CD 44kHz DR12],9,1,12,1984,1991,16,44,2,1,1482,1482,,,m114661,1000072,6f194b2e-63f6-366c-b8a3-ab3d0521903b,2582299c-8c86-46a7-a2ef-11a9a8e9ab21
Chris Rea,"Rea, Chris",Shamrock Diaries [1985 CD 44kHz DR13],10,1,13,1985,1985,16,44,2,1,1500,1500,,,m114670,5526592,4f72328b-239e-300b-b409-530405de3485,2529dec0-f6fa-47dc-b86a-21ac23eda2e4
Chris Rea,"Rea, Chris",Dancing With Strangers [1987 CD 44kHz DR14],14,1,14,1987,1987,16,44,2,1,2400,2400,,,m114662,826315,f65d5695-a859-3da2-bd29-2e7234ae71a9,7ed88f64-ac3b-4b4f-a584-fcbeab3a02dd
Chris Rea,"Rea, Chris",Dancing With Strangers (2019 Remaster) [2019 CD 44kHz DR11],17,2,11,1987,2019,16,44,2,1,1500,1500,Dancing With Strangers (2019 Remaster),,m114662,14288944,f65d5695-a859-3da2-bd29-2e7234ae71a9,0d65164e-86b5-4da3-818f-6b9e039dd196
Chris Rea,"Rea, Chris",On The Beach (2019 Remaster) [2019 CD 44kHz DR11],13,2,11,1986,2019,16,44,2,1,1500,1500,On The Beach (2019 Remaster),,m114664,14281650,843b05a6-3e8b-3528-8f2a-294baf314cfe,4e529e1d-d03f-44ae-bf11-0f15b9500fd4
Chris Rea,,New Light Through Old Windows (The Best Of Chris Rea) [1988 CD 44kHz DR13],13,1,13,1988,1988,16,44,2,1,1425,1425,,,m112850,1921898,,
Chris Rea,"Rea, Chris",Shamrock Diaries [2016 SHM-CD 44kHz DR10],10,1,10,1985,2016,16,44,2,1,1500,1500,,SHM-CD,m114670,8339053,4f72328b-239e-300b-b409-530405de3485,1e98cd98-1a8d-46b7-8562-a29153817a48
Chris Rea,"Rea, Chris",On The Beach [1991 CD 44kHz DR14],13,1,14,1986,1991,16,44,2,1,1425,1425,,,m114664,1103592,843b05a6-3e8b-3528-8f2a-294baf314cfe,b5df207c-87eb-383b-9e19-7db601e4a44c
Chris Rea,"Rea, Chris",Water Sign [1998 CD 44kHz DR13],10,1,13,1983,1998,16,44,2,1,1400,1400,,,m114659,9763592,418dbc74-c2c6-3d8c-80c8-666fd7551387,49c05b0a-317b-44ae-afde-6eeb7764b20f
Chris Rea,"Rea, Chris",Auberge (2019 Remaster) [2019 CD 44kHz DR10],11,2,10,1991,2019,16,44,2,1,1500,1500,Auberge (2019 Remaster),,m114672,14288946,d12084a8-bcb8-3446-9e9e-f87ea5e6966e,d9073543-9f34-482c-baa1-f041543da663
Chris Rea,"Rea, Chris",Auberge [1991 CD 44kHz DR11],11,1,11,1991,1991,16,44,2,1,2400,2400,,,m114672,1846911,d12084a8-bcb8-3446-9e9e-f87ea5e6966e,cffe4b0b-e842-3c5c-a0f1-2ddfd61164e3
Eleanor McEvoy,"McEvoy, Eleanor",Alone [2011 HDTracks 96kHz DR10],13,1,10,2011,2011,24,96,2,1,1217,1217,,HDTracks,,8888283,,9d372a48-23ac-4987-bdcf-1d2f56f4d4b2
Eleanor McEvoy,"McEvoy, Eleanor",Snapshots [1999 CD 44kHz DR10],11,1,10,1999,1999,16,44,2,1,1395,1395,,,m932901,7885591,,8d8e3fcd-0385-4259-b1ab-555540b69f29
Eleanor McEvoy,"McEvoy, Eleanor",Gimme Some Wine [2021 Tidal 44kHz DR09],10,1,09,2021,2021,16,44,2,1,1280,1280,,Tidal,,20598430,1f61bfeb-3acc-4a57-bca9-b65d7fc9f89c,2458a243-7119-42f6-800b-0e9d485f6023
Eleanor McEvoy,"McEvoy, Eleanor",I'd Rather Go Blonde [2010 SACD 44kHz DR06],12,1,06,2010,2010,16,44,2,1,1500,1500,,SACD,m741783,8575330,,5e9fd7c0-ceee-4175-a1fe-b49bb47b9e65
Eleanor McEvoy,"McEvoy, Eleanor",The Thomas Moore Project [2017 CD 44kHz DR11],11,1,11,2017,2017,16,44,2,1,2500,2500,,,,11015041,fd24d36a-0f6e-453d-8cd9-be497bfe2cd7,8935bbe5-aa2f-4608-8923-12add68469c9
Eleanor McEvoy,"McEvoy, Eleanor",Eleanor McEvoy [2003 CD 44kHz DR09],17,1,09,1993,2003,16,44,2,1,2318,2318,,,m705138,9073976,c9908522-9848-39ab-bb32-4c6f49796662,828205b7-3901-469e-92b5-555d5434d62a
Eleanor McEvoy,"McEvoy, Eleanor",If You Leave... [2013 HDTracks 96kHz DR09],12,1,09,2013,2013,24,96,2,1,1500,1500,,HDTracks,m1040927,8888042,,e5d62c20-86ca-4c30-b377-428e8b40bdc0
Eleanor McEvoy,"McEvoy, Eleanor",Naked Music [2015 CD 44kHz DR09],14,1,09,2015,2015,16,44,2,1,1500,1500,,,m1057301,8975639,3aed68ad-a9a6-4b54-843d-0f499d91fe24,9e18ba96-74ff-4205-90ef-531ac0b6801b
Feargal Sharkey,"Sharkey, Feargal",Feargal Sharkey [1985 CD 44kHz DR12],10,1,12,1985,1985,16,44,2,1,1404,1404,,,m81597,516192,027e676b-0563-351a-b0af-4a0cadfb49ff,77c62f20-77e3-4909-bf7d-2ae8be00148a
Michael Jackson,"Jackson, Michael",Bad [1987 CD 44kHz DR12],11,1,12,1987,1987,16,44,2,1,1400,1400,,,m8517,725905,a5711a77-42d1-3f4c-830c-e27a96f0800f,95bc8558-794b-47d3-949d-297aaef8acdf
Michael Jackson,"Jackson, Michael",Thriller [2022 MFSL SACD 88kHz DR12],9,1,12,1982,2022,24,88,2,1,1546,1546,,MFSL SACD,m8883,25176358,f32fab67-77dd-3937-addc-9062e28e4c37,b8f457c0-a943-4225-878f-65d2301bd111
Linda Ronstadt,"Ronstadt, Linda",The Very Best Of Linda Ronstadt [2002 CD 44kHz DR10],21,1,10,2002,2002,16,44,2,1,3464,3464,,,m329361,9653664,,6e24596e-6ae1-41ac-9fa3-787a44451a3f
Roger Hodgson,"Hodgson, Roger",In The Eye Of The Storm [1984 CD 44kHz DR14],7,1,14,1984,1984,16,44,2,1,2000,2000,,,m55511,14121763,,3484167c-9a6f-4d4f-b30a-2422dee79e39
Roger Hodgson,"Hodgson, Roger",Classics Live [2012 CD 44kHz DR09],10,1,09,2012,2012,16,44,2,1,1400,1400,,,m1177319,9028566,,4081aa69-56c4-4aad-895b-5d5913627809
Brian May + Friends,"May, Brian",Star Fleet Project [1983 Vinyl 96kHz DR12],3,1,12,1983,1983,24,96,2,1,1800,1800,,Vinyl,m77151,715392,,27015c99-6abb-4974-b6c9-8f564667f85f
Peter Gabriel,"Gabriel, Peter",Deutsches Album [2009 Qobuz 96kHz DR11],8,1,11,1982,2009,24,96,2,1,2400,2400,,Qobuz,m29672,20827534,dcbb0d02-9d95-3234-8389-44e15e8e955e,04f30641-617d-4056-ae56-9357d840d020
Peter Gabriel,"Gabriel, Peter",Shaking The Tree: Sixteen Golden Greats [2003 SACD 88kHz DR11],16,1,11,1990,2003,24,88,2,1,2000,2000,,SACD,m49717,1470419,,0fad5385-00c2-4ef0-b919-616009533b3b
Peter Gabriel,"Gabriel, Peter",Peter Gabriel 4: Security [2003 SACD 88kHz DR12],8,1,12,1982,2003,24,88,2,1,2800,2800,Peter Gabriel 4: Security,SACD,m29672,455696,dcbb0d02-9d95-3234-8389-44e15e8e955e,851c1824-994d-468f-8b5b-13009daae40e
Peter Gabriel,"Gabriel, Peter",Plays Live Highlights [2003 SACD 88kHz DR11],12,1,11,1983,2003,24,88,2,1,1942,1942,,SACD,m29893,3976180,,4a7d347c-6a02-4f4b-a2e9-c882fc3ee512
Peter Gabriel,"Gabriel, Peter",Plays Live [2020 Bandcamp 96kHz DR11],16,1,11,1983,2020,24,96,2,1,2560,2560,,Bandcamp,m29893,15828862,0caf8d02-db83-3473-8663-1207c3e71437,267c7be2-c7bd-4130-8bbe-e64a741caad9
Peter Gabriel,"Gabriel, Peter",3: Melt [2003 SACD 88kHz DR15],10,1,15,1980,2003,24,88,2,1,1417,1417,3: Melt,SACD,m29662,1620595,fe9f06cd-a160-3114-85fd-102726dddc0b,bdfedf70-16ee-4f80-a28d-b776f70d69b4
Peter Gabriel,"Gabriel, Peter",Ein Deutsches Album [2019 Qobuz 96kHz DR11],9,1,11,1980,2019,24,96,2,1,2400,2400,,Qobuz,m29662,20844661,fe9f06cd-a160-3114-85fd-102726dddc0b,fd523bae-f7a5-47cb-acbe-940f78cc9263
Peter Gabriel,"Gabriel, Peter",1: Car [2003 SACD 88kHz DR15],9,1,15,1977,2003,24,88,2,1,1417,1417,1: Car,SACD,m29615,1470470,4e6f2a81-ec6d-378c-a824-0cd0538bbb21,cc474025-e79c-4482-a67c-378c8dfcc530
Peter Gabriel,"Gabriel, Peter",Peter Gabriel 2: Scratch [2003 SACD 96kHz DR11],11,1,11,1978,2003,24,96,2,1,1633,1633,Peter Gabriel 2: Scratch,SACD,m29636,3976207,,43eec865-de40-4a2b-962b-9176ab0a03fa
Peter Gabriel,"Gabriel, Peter",Secret World Live [2019 Qobuz 44kHz DR11],16,1,11,1994,2019,24,44,2,1,3000,3000,,Qobuz,m113216,14764072,a582e078-52a5-365c-ae81-513ed51df5ac,89e096f7-7e42-40c4-a600-1ac80ea87d01
Peter Gabriel,"Gabriel, Peter",So [2003 SACD 88kHz DR10],9,1,10,1986,2003,24,88,2,1,1580,1580,,SACD,m35759,1470412,be3cc3e7-bdb0-3c13-a60b-a985b30eb603,8dc1f78e-7e9b-4f20-99e7-0afd58f2631f
Melissa Etheridge,"Etheridge, Melissa",Fearless Love [2010 CD 44kHz DR06],12,1,06,2010,2010,16,44,2,1,1500,1500,,,m888674,7434689,732d83b8-30e1-46b5-8080-335aa570eca1,c74a323d-4e7f-34c3-b2f2-9a22fe7e1aff
Melissa Etheridge,"Etheridge, Melissa",Melissa Etheridge [1988 CD 44kHz DR12],10,1,12,1988,1988,16,44,2,1,1412,1412,,,m110400,10932731,cb9d38fa-5a3e-3182-a942-87ba1669cbd2,25a4a59e-bf3c-439f-8d71-2ad955fe941d
Prince And The Revolution,"Prince and Revolution, The",Purple Rain [1984 CD 44kHz DR13],9,1,13,1984,1984,16,44,2,1,1425,1425,,,m16245,4977372,b93a7c47-a6d4-33f2-9034-53fdd991f4ba,45c7c7b7-5f62-4f30-84b5-a0dc31f3a278
Prosecco Socialist,Prosecco Socialist,This Dog's Just For Christmas (Not For Life) [2017 CD 44kHz DR09],1,1,09,2017,2017,16,44,2,1,3000,3000,,,,11973600,aa3af073-526f-4107-b989-2a3f0fd49d53,33be72a1-7f0b-41bf-a12a-f736c8c648ac
John Lennon & Yoko Ono,"Lennon, John & Ono, Yoko",Double Fantasy [2014 SHM-SACD 88kHz DR10],14,1,10,1980,2014,24,88,2,1,2340,2340,,SHM-SACD,m73013,6710505,,7dafb6b5-ba3b-4d2f-aa85-2ec7b8a23c7a
Deep Purple,Deep Purple,Made In Japan [1998 DCC 24 KT Gold 44kHz DR11],7,1,11,1972,1998,16,44,2,1,1280,1280,,DCC 24 KT Gold,m2133,4779442,afab893b-4284-37c3-bf74-0139773c8c6d,01f9e669-881c-410d-91cd-924608e6c985
Carpenters,Carpenters,Singles 1969-1981 [2004 SACD 88kHz DR10],21,1,10,1999,2004,24,88,2,1,1417,1417,,SACD,m272219,3169081,,ae65a6a2-6925-4f5b-91b8-8974ae44126f
Survivor,Survivor,Vital Signs [1984 CD 44kHz DR12],9,1,12,1984,1984,16,44,2,1,1500,1500,,,m47942,4624811,,254b347a-6790-4e68-a95d-f5b174e95b62
Joe Cocker,"Cocker, Joe",Definite. (1964-1986) [1987 CD 44kHz DR12],18,1,12,1987,1987,16,44,2,1,2400,2400,,,m115485,1201322,d08a48c0-b976-326c-aaf4-21525c1d3ceb,bd602346-0056-42d2-b1de-e9fec9e65925
John Lennon,"Lennon, John",Imagine [2014 Blu-ray 96kHz DR10],10,1,10,1971,2014,24,96,2,1,1500,1500,,Blu-ray,m72879,5396139,,f2edb173-2e3a-4222-b6fa-5fc7f8b373a4
John Lennon,"Lennon, John",Working Class Hero - The Definitive Lennon [2005 CD 44kHz DR10],19,2,10,2005,2005,16,44,2,1,1300,1300,,,m300864,723649,,c105826b-e984-4ecd-be04-e241012b3a0f
Tommy Shaw,"Shaw, Tommy",Ambition [1987 Qobuz 44kHz DR12],10,1,12,1987,1987,16,44,2,1,1500,1500,,Qobuz,m363548,3145883,49d5e7b1-6874-34ea-bf5a-0cfa5e815dad,39fc756e-4d41-4b17-937f-99602f7ea1df
Tommy Shaw,"Shaw, Tommy",Sing For The Day! (Live) [2018 Qobuz 96kHz DR09],13,1,09,2017,2018,24,96,2,1,3000,3000,,Qobuz,m1432027,12602891,856d794c-0dd5-4a35-86c2-2d30328a95c1,63e87fe5-2032-4f16-86b6-f54ebf353271
David Lindley,"Lindley, David",El Rayo-X [1990 Qobuz 44kHz DR12],12,1,12,1981,1990,16,44,2,1,1425,1425,,Qobuz,m26066,15554245,c633bbe4-f433-33ac-91dc-06ebd8d8d0d8,c261e907-5a7c-4908-9855-6bb7ca2c27fe
Wise Guys,Wise Guys,Klartext [2003 CD 44kHz DR08],19,1,08,2003,2003,16,44,2,1,1500,1500,,,m274496,2444555,,3517cd8b-293d-4420-acd6-5882065aeb6b
Asia,Asia,Asia [2010 SHM-SACD 88kHz DR10],9,1,10,1982,2010,24,88,2,1,1280,1280,,SHM-SACD,m94351,3505482,,26f142c3-253c-4e72-bc46-a0b8d1d6be99
Asia,Asia,Alpha [2014 SHM-SACD 88kHz DR11],12,1,11,1983,2014,24,88,2,1,1500,1500,,SHM-SACD,m94348,5766290,786ebb0d-ba09-456c-b134-6d3232cff401,018af2c8-79cf-4c50-b5ef-a72885dbc935
Little River Band,Little River Band,Monsoon [1988 Qobuz 44kHz DR12],11,1,12,1988,1988,16,44,2,1,3000,3000,,Qobuz,m190044,5165214,bce24be7-ee6d-3aef-bf8c-9bfcfd13cc04,a8de2438-3be0-418d-b182-fddfb0032313
Little River Band,Little River Band,Greatest Hits [2021 Qobuz 96kHz DR10],12,1,10,1982,2021,24,96,2,1,1400,1400,,Qobuz,m103156,20235535,f54e7250-2360-35f1-be6a-b1324422d6f3,f8cb9c82-d547-4c6b-b0e6-8dd3cac48556
The Alan Parsons Project,"Parsons, Alan, Project, The",Eve [1995 CD 44kHz DR14],9,1,14,1979,1995,16,44,2,1,1500,1500,,,m4470,13798434,,b0045ceb-3536-3a5d-91a7-e0919c4e0024
The Alan Parsons Project,"Parsons, Alan, Project, The",Tales Of Mystery And Imagination Edgar Allan Poe [2016 Blu-ray 96kHz DR12],11,2,12,1976,2016,24,96,2,1,1500,1500,,Blu-ray,m4322,9448188,5d8f45de-ec81-36c7-88d1-a232193fbf15,ee373389-6734-42ee-9cb0-74f0a2a36313
The Alan Parsons Project,"Parsons, Alan, Project, The",Tales Of Mystery And Imagination - Edgar Allan Poe [1994 MFSL UDCD 44kHz DR10],11,1,10,1976,1994,16,44,2,1,1500,1500,,MFSL UDCD,m4322,1581726,5d8f45de-ec81-36c7-88d1-a232193fbf15,312d90cf-e350-4162-90ff-dd7269b95a90
The Alan Parsons Project,"Parsons, Alan, Project, The",Vulture Culture [1985 CD 44kHz DR12],8,1,12,1985,1985,16,44,2,1,1500,1500,,,m25305,1923624,,71e4cec0-545a-40ad-97a5-83347c70aae2
The Alan Parsons Project,"Parsons, Alan, Project, The",Pyramid [1984 CD 44kHz DR11],9,1,11,1978,1984,16,44,2,1,1425,1425,,,m4398,6129363,154e77f6-995e-3206-83f7-16bc15f47d3a,a740bc70-b825-4355-80ba-c378ef715ce8
The Alan Parsons Project,"Parsons, Alan, Project, The",I Robot [2016 MFSL SACD 88kHz DR10],10,2,10,1977,2016,24,88,2,1,1500,1500,,MFSL SACD,m4338,8940064,bc5d259c-9323-3721-a346-5d379338eddf,0e718932-ce53-4563-9f95-40277d54ea7b
The Alan Parsons Project,"Parsons, Alan, Project, The",The Turn Of A Friendly Card - Box-Set [2023 Blu-ray 96kHz DR12],24,4,12,1980,2023,24,96,6,1,1400,1400,The Turn Of A Friendly Card - Box-Set,Blu-ray,m4495,26214653,f51a3bff-99d8-3943-9552-e7d20fdd11cc,617e6d1a-3272-4276-ab71-4f644c03b776
The Alan Parsons Project,"Parsons, Alan, Project, The",Eye In The Sky [2021 MFSL SACD 88kHz DR12],10,1,12,1982,2021,24,88,2,1,1196,1196,,MFSL SACD,m4424,18220396,c9137ca5-26bd-3374-bebc-a813fbfe9c4f,c8a6a8eb-6bdb-4780-9f93-9d7f68d8c3e5
The Alan Parsons Project,"Parsons, Alan, Project, The",Ammonia Avenue [2020 Blu-ray 96kHz DR12],11,1,12,1984,2020,24,96,2,1,1500,1500,,Blu-ray,m8355,14998880,d78870ea-7967-37f4-b241-af0cf69d5036,bd52aa7f-f669-44f0-a40c-11cb79a2fb1b
Bangles,Bangles,Greatest Hits [2015 SACD 88kHz DR09],14,1,09,1990,2015,24,88,2,1,1400,1400,,SACD,m64880,12463831,d1412fcf-cd48-3bf2-8c07-8be80b2f8b68,039d0df8-76e3-47a9-a146-9dd56c1285f0
Adele,Adele,30 - Deluxe Edition (Target Exclusive) [2021 CD 48kHz DR04],15,1,04,2021,2021,24,48,2,1,1742,1742,30 - Deluxe Edition (Target Exclusive),,m2383843,21040684,d8a99910-33c2-481d-9b96-085ece5545f6,5c2b134a-70df-4bd3-8b72-7cfce4f82e49
Adele,Adele,Live At The Royal Albert Hall [2011 Blu-ray 48kHz DR13],27,2,13,2011,2011,24,48,6,1,1500,1500,,Blu-ray,m390704,3926903,36e41dc0-2a0c-4ff7-b043-097534d52bf6,905c34ee-9467-41b2-b236-f21a4109d8c9
Adele,Adele,21 - Deluxe Edition (Target Exclusive) [2011 CD 44kHz DR07],4,2,07,2011,2011,16,44,2,1,3200,3200,21 - Deluxe Edition (Target Exclusive),,m303567,2730616,e4174758-d333-4a8e-a31f-dd0edd51518e,7fb66278-4cff-3fe8-9ed5-4e95cdee3bbb
Adele,Adele,19 - Expanded Edition [2008 CD 44kHz DR09],12,3,09,2008,2008,16,44,2,1,1535,1535,19 - Expanded Edition,,m28398,15247297,9796da06-2d59-3176-8598-2105f31ee54a,9105a5b3-eb68-3a03-9aa8-f3495e602a4f
Adele,Adele,25 - Deluxe Edition (Target Exclusive) [2015 CD 44kHz DR06],14,1,06,2015,2015,16,44,2,1,1500,1500,25 - Deluxe Edition (Target Exclusive),,m912912,7751175,5537624c-3d2f-4f5c-8099-df916082c85c,b2dbd919-229f-41df-a6bf-eaa042c1a550
USA For Africa,USA for Africa,We Are The World [1985 Qobuz 44kHz DR13],1,1,13,1985,1985,16,44,2,1,1448,1448,,Qobuz,m19974,6954651,85480bb3-40dc-34d8-b106-0a9470f13a73,64c12235-f420-439f-ab1a-04eb74101883
Tori Amos,"Amos, Tori",Little Earthquakes [1992 CD 44kHz DR11],12,1,11,1992,1992,16,44,2,1,2400,2400,,,m64690,5360728,cb10018e-e795-3b62-b9d6-f143d188e496,66b1a283-08e3-4096-b4b6-38bb8cba30ab
Tracey Ullman,"Ullman, Tracey",You Broke My Heart In 17 Places [2007 CD 44kHz DR08],16,1,08,1983,2007,16,44,2,1,1484,1484,,,m4245,10818972,,3c5ce883-4ee0-4599-8a60-bbb15c0ceca3
Lightning Seeds,Lightning Seeds,See You In The Stars [2022 Qobuz 96kHz DR07],10,2,07,2022,2022,24,96,2,1,4000,4000,,Qobuz,m2825114,24920867,,51b63cbf-edca-49cb-8c19-975724a3e34f
Lightning Seeds,Lightning Seeds,Cloudcuckooland [1989 CD 44kHz DR12],11,1,12,1990,1989,16,44,2,1,1400,1400,,,m71400,3006429,,9d3c1f57-be4a-4a7f-b3ae-c5476e7620f8
Nik Kershaw,"Kershaw, Nik",Human Racing [1984 CD 44kHz DR14],10,1,14,1984,1984,16,44,2,1,1500,1500,,,m86810,2914584,beed706d-b5cd-39de-9d30-9f6b51ddf758,98e6da92-f32e-4203-9325-fe9525b156af
Nik Kershaw,"Kershaw, Nik",The Riddle [1984 CD 44kHz DR13],10,1,13,1984,1984,16,44,2,1,1500,1500,,,m86831,11907072,44589de4-c523-3c13-924e-325a24a352da,e3a138cc-fca9-46f8-b5bd-bab97e6e46b9
"Johann Sebastian Bach , The English Baroque Soloists , Kati Debretzeni , John Eliot Gardiner","Bach, Johann Sebastian",Brandenburg Concertos [2009 CD 44kHz DR13],16,2,13,2009,2009,16,44,2,1,2096,2096,,,,5036305,7c701643-df97-40dd-919f-d51a052836d2,273d767b-a653-4194-8df9-f34dd8b3483d
Kiefer Sutherland,"Sutherland, Kiefer",Reckless & Me [2019 CD 44kHz DR07],10,1,07,2019,2019,16,44,2,1,4000,4000,,,m1540727,13557079,,5434e1b4-9d43-4a7b-993b-7581e252da1d
Howard Jones,"Jones, Howard",Dream Into Action - Special Edition Expanded Deluxe [2024 Blu-Ray 48kHz DR12],30,2,12,1985,2024,24,96,6,1,2905,2904,Dream Into Action - Special Edition Expanded Deluxe,Blu-Ray,m66384,30833682,c00eb33f-cdbc-3fe5-a4fe-a52e212cfb46,513ac3ed-48f4-4fdb-98d1-3efefc1e4c98
Howard Jones,"Jones, Howard",One To One - Expanded & Remastered [2020 Qobuz 44kHz DR10],14,4,10,1986,2020,24,44,2,1,2841,2841,One To One - Expanded & Remastered,Qobuz,m66434,14753226,a06664b1-ed1e-3aa1-8fda-292b782f0665,113d2a6e-7d06-4885-9b39-cd6ee1aad795
Howard Jones,"Jones, Howard",Human's Lib - Special Edition Expanded Deluxe [2024 Blu-ray 48kHz DR11],42,1,11,1984,2024,24,96,2,1,2873,2873,Human's Lib - Special Edition Expanded Deluxe,Blu-ray,m66374,30832890,1b14a428-9018-392f-a0ec-9ecab7c78dfd,afebd713-3765-4133-85bc-da8b2edd2567
Mary Black,"Black, Mary","Twenty-Five Years, Twenty-Five Songs [2008 CD 44kHz DR10]",13,2,10,2008,2008,16,44,2,1,1440,1440,,,,8961308,,32022f5f-b947-49e0-83a6-3d406a0ff66d
Mary Black,"Black, Mary",The Holy Ground [1993 CD 44kHz DR14],12,1,14,1993,1993,16,44,2,1,1500,1500,,,m481060,1835859,,9cfb885d-2347-47e3-8a0b-05f1ff8e5c6f
Mary Black,"Black, Mary",The Collection [1992 Vinyl 96kHz DR13],14,1,13,1992,1992,24,96,2,1,1200,1200,,Vinyl,m377390,3171021,,a4c6dc7f-b325-4be6-bc63-68fb45087d84
The Dream Academy,"Dream Academy, The",Life In A Northern Town (Extended Version) [1985 Vinyl 96kHz DR12],4,1,12,1985,1985,24,96,2,1,1400,1400,,Vinyl,m101933,715529,,a28ba90f-8536-4607-a2a6-462f064c0179
Billy Ocean,"Ocean, Billy",Love Zone [2011 CD 44kHz DR09],13,1,09,1986,2011,16,44,2,1,3000,3000,,,m71669,2989725,f38f1147-4196-3003-97d3-41010f520f79,d959c82a-1f51-42bb-8d30-1640e75e0f97
Jeff Lynne,"Lynne, Jeff",Armchair Theatre [2013 CD 44kHz DR08],13,1,08,1990,2013,16,44,2,1,3000,3000,,,m74851,4542804,78713812-6c61-33fa-9e0b-99b4c2bc8717,8aa83916-6f80-41f9-a6b2-5b2834d96809
John Hiatt,"Hiatt, John",Perfectly Good Guitar [1993 CD 44kHz DR08],13,1,08,1993,1993,16,44,2,1,1500,1500,,,m105845,1961330,,fe861dda-5552-3625-a2a9-d60d6bc46827
John Hiatt,"Hiatt, John",Stolen Moments [1990 CD 44kHz DR12],12,1,12,1990,1990,16,44,2,1,1500,1500,,,m105841,1774034,,0e06fdde-d562-4a22-9bce-5d3a83e6c256
John Hiatt,"Hiatt, John",Bring The Family [1994 MFSL UDCD 44kHz DR12],10,1,12,1987,1994,16,44,2,1,1500,1500,,MFSL UDCD,m105836,3129949,cb5c7687-5d54-342d-8a4a-04a5ca10fb7e,eeccf7b0-dc51-4a70-9eee-2f4cab0c6d0f
Don Henley,"Henley, Don",Building The Perfect Beast [1984 CD 44kHz DR13],11,1,13,1984,1984,16,44,2,1,1500,1500,,,m81575,1917375,cb763b61-26ae-3fbb-80ff-946275a4e697,11689742-1b8a-4bfb-8f66-f9b518344302
Don Henley,"Henley, Don",The End Of The Innocence [1998 MFSL UDCD 44kHz DR12],10,1,12,1989,1998,16,44,2,1,1500,1500,,MFSL UDCD,m41762,1599064,73f5263b-b323-3730-b50a-0b92439ec9a1,992665ec-8f64-4744-a758-84aa7b006894
Enya,Enya,Watermark [1988 CD 44kHz DR12],11,1,12,1988,1988,16,44,2,1,1410,1410,,,m27697,9557712,a2cb6793-9f04-35d9-8cb8-03c6fa7ae240,b0eef0ee-cfe2-487f-ba16-6ee97fcfba16
Enya,Enya,A Day Without Rain [2000 CD 44kHz DR09],12,1,09,2000,2000,16,44,2,1,1448,1448,,,m27437,417082,ac954fa2-8c31-3667-aa2d-8be1e93c54bc,c0d4f255-196f-4cf0-9085-5ba32014168a
Enya,Enya,The Celts [2009 SHM-CD 44kHz DR11],16,1,11,1986,2009,16,44,2,1,1950,1950,The Celts,SHM-CD,m27579,1861512,a1e948b1-808f-35f8-a799-c5322670aab9,ba307aa7-3a01-4015-b9bb-2243bc0812dc
Enya,Enya,Shepherd Moons [2009 SHM-CD 44kHz DR10],15,1,10,1991,2009,16,44,2,1,1500,1500,,SHM-CD,m27537,1685999,678a2bac-4b27-314e-929b-2612938dd1f2,8fe4dcfc-20d8-4a2c-b412-515af4188e40
Paul Simon,"Simon, Paul",Graceland - 25th Anniversary Edition [2012 HDTracks 96kHz DR09],17,1,09,1986,2012,24,96,2,1,1500,1500,Graceland - 25th Anniversary Edition,HDTracks,m55658,11874438,,bf5a4125-ea21-4a35-a430-e598386eed92
Carole King & James Taylor,"King, Carole & Taylor, James",Live At The Troubadour [2021 Qobuz 96kHz DR11],15,1,11,2010,2021,24,96,2,1,3000,3000,,Qobuz,m391274,21162463,a04a2bca-e6e8-42cc-8deb-c63776c51570,13ce14bb-27f0-4477-828f-c36e82050b7a
John Hiatt & The Guilty Dogs,"Hiatt, John & The Guilty Dogs",Hiatt Comes Alive At Budokan? [1994 CD 44kHz DR09],15,1,09,1994,1994,16,44,2,1,1500,1500,,,m394483,3630244,,5fa5a164-31d3-4c17-89b5-98581bd95d20
Billy Joel,"Joel, Billy",Greatest Hits Volume I & Volume II [1985 CD 44kHz DR14],11,2,14,1985,1985,16,44,2,1,1500,1500,,,m72105,6752770,4a8f66b9-2ebf-3ebf-bd5e-ad19386e76c0,82102aaf-b262-44dc-b247-558855c61f76
Billy Joel,"Joel, Billy","Live At Yankee Stadium June 22 & 23, 1990 [2022 Qobuz 96kHz DR06]",12,18,06,2022,2022,24,96,2,1,3000,3000,,Qobuz,m2852134,25048048,f26eec4c-d4c0-4305-ba9a-f089d7c7ecc6,602e810a-06ee-4482-8e6e-4c02d8673053
Billy Joel,"Joel, Billy",Songs In The Attic [2013 MFSL SACD 88kHz DR12],11,1,12,1981,2013,24,88,2,1,1400,1400,,MFSL SACD,m72028,6135888,26693e01-a76b-3073-8f15-38ed0c12fe90,9e56ecac-50a5-4187-90a5-a92ec53a0baa
Billy Joel,"Joel, Billy",A Matter Of Trust : The Bridge To Russia: The Music [2014 Qobuz 88kHz DR08],27,1,08,2014,2014,24,88,2,1,1400,1400,,Qobuz,m692306,14016540,804a6dcc-4e5b-3db4-b9cb-ff1171c51b8f,ae271c4a-fdd5-45a4-8a75-870f4682be90
Billy Joel,"Joel, Billy",Piano Man - 50th Anniversary Deluxe Edition [2024 SACD 88kHz DR12],10,5,12,1973,2024,24,88,2,1,4235,4217,Piano Man - 50th Anniversary Deluxe Edition,SACD,m56943,29934862,7866f536-a9c7-32eb-8eed-bb49132432fa,77646cca-3fa0-4239-8979-78f3bf12aca4
Billy Joel,"Joel, Billy",Streetlife Serenade (Audio Fidelity) [2015 SACD 88kHz DR13],10,1,13,1974,2015,24,88,2,1,1781,1781,Streetlife Serenade (Audio Fidelity),SACD,m56963,7057031,89ff0095-2ef2-311f-80f2-48b16b85bf56,fce0afbf-359e-4764-9b4a-2031c3319825
Billy Joel,"Joel, Billy",Greatest Hits Volume III [1997 CD 44kHz DR09],17,1,09,1997,1997,16,44,2,1,1400,1400,,,m192732,641458,503ff741-7014-329c-85f0-c78672d654cb,3f720bfd-5d64-454c-87e3-a8ebdc1fc1f6
Billy Joel,"Joel, Billy",Live At Shea Stadium (The Concert) [2011 CD 44kHz DR06],11,2,06,2011,2011,16,44,2,1,1500,1500,,,m883672,7459167,,67b53fec-4334-4033-af2e-2f50ec575a60
Billy Joel,"Joel, Billy",Glass Houses (Audio Fidelity 24 KT + Gold) [2010 HDCD 44kHz DR13],10,1,13,1980,2010,24,44,2,1,1500,1500,Glass Houses (Audio Fidelity 24 KT + Gold),HDCD,m68791,2758505,12a46ae7-fc7a-3a0e-84f6-8c9e476757ef,f3507679-e7a7-4073-b4e1-3744e4e764c3
Billy Joel,"Joel, Billy",An Innocent Man [2013 MFSL SACD 88kHz DR13],10,1,13,1983,2013,24,88,2,1,3460,3460,,MFSL SACD,m43553,5990878,63424e12-759d-3d3d-a14b-0f06101c0a28,011cbe60-981f-42bd-b5f1-034a277a6962
Billy Joel,"Joel, Billy",Storm Front [2014 Qobuz 96kHz DR07],10,1,07,1989,2014,24,96,2,1,1500,1500,,Qobuz,m75442,11717670,,adc08b9e-e081-4bcb-82b0-c95310baa803
Billy Joel,"Joel, Billy",The Nylon Curtain [2012 MFSL SACD 88kHz DR13],9,1,13,1982,2012,24,88,2,1,1500,1500,,MFSL SACD,m72046,5902138,b1424104-8403-3bce-8130-2ebee0053ddb,20710298-cc11-4d23-acfd-de787f52c429
Billy Joel,"Joel, Billy",52nd Street (MasterSound 24 KT Gold Disc) [1992 CD 44kHz DR13],9,1,13,1978,1992,16,44,2,1,1512,1512,52nd Street (MasterSound 24 KT Gold Disc),,m57048,2455666,54e6b4a1-7a6a-3ead-b032-0912cfd49a1e,ee7fe909-0286-499c-8726-2b8e360fb039
Billy Joel,"Joel, Billy",The Stranger [2012 MFSL SACD 88kHz DR13],9,1,13,1977,2012,24,88,2,1,2352,2352,,MFSL SACD,m57029,3967141,735bcee6-6be6-3957-af15-d21ba2bd355b,cfe2b055-21ae-458e-91dd-3622369a1b1e
Billy Joel,"Joel, Billy",Glass Houses [2012 MFSL SACD 88kHz DR14],10,1,14,1980,2012,24,88,2,1,1500,1500,,MFSL SACD,m68791,3960680,12a46ae7-fc7a-3a0e-84f6-8c9e476757ef,0b4c1a06-cac9-4098-bbd8-10081b555387
Billy Joel,"Joel, Billy",Piano Man [2011 MFSL SACD 88kHz DR12],10,1,12,1973,2011,24,88,2,1,1600,1600,,MFSL SACD,m56943,3592807,,4b713066-3f02-4d7c-8d24-b353af339717
Billy Joel,"Joel, Billy",Cold Spring Harbor [2014 Qobuz 96kHz DR09],10,1,09,1971,2014,24,96,2,1,1500,1500,,Qobuz,m40714,12693941,8b6980bf-7fb3-332f-a7df-6526d2bb2bc9,7d3e2e63-0a4f-4ac4-95ea-605b476404e4
Billy Joel,"Joel, Billy",The Complete Hits Collection: 1973-1997 [2001 CD 44kHz DR10],11,4,10,1997,2001,16,44,2,1,1500,1500,,,m707495,7076776,,fca77453-75cb-4efb-a8d7-034da130a051
Billy Joel,"Joel, Billy",Turnstiles [2013 Qobuz 96kHz DR09],8,1,09,1976,2013,24,96,2,1,1400,1400,,Qobuz,m56978,25735759,46a3a9dc-510e-3765-81dd-536ced41819a,79c9788a-046b-4812-873c-f1216d0d4490
Billy Joel,"Joel, Billy",Концерт [1987 CD 44kHz DR10],16,1,10,1987,1987,16,44,2,1,1500,1500,,,m75395,4407356,,13dff7eb-c001-43a1-b391-30d172c6e016
Billy Joel,"Joel, Billy",The Bridge [1986 CD 44kHz DR14],9,1,14,1986,1986,16,44,2,1,1500,1500,,,m72126,1881211,e09226c5-87f6-3f71-b199-d9d5797e714b,90157719-4b69-3ace-9424-cc69e81b07a0
Billy Joel,"Joel, Billy",River Of Dreams [2013 Qobuz 96kHz DR07],10,1,07,1993,2013,24,96,2,1,1500,1500,,Qobuz,m75643,12694015,166ca278-c030-388d-85d7-f8f963796d7f,137e2f87-5570-4afe-aefb-beb356e5c40f
Billy Joel,"Joel, Billy",Turn The Lights Back On [2024 Qobuz 48kHz DR04],1,1,04,2024,2024,24,48,2,1,1500,1500,,Qobuz,m3386197,29669680,b0a8aa99-c938-41db-afee-7728793abc9d,10a28474-a920-43f5-bf6d-55b8621e9ad6
Dennis DeYoung,"DeYoung, Dennis","26 East, Vol. 1 [2020 CD 44kHz DR07]",10,1,07,2020,2020,16,44,2,1,3000,3000,,,m1742939,15353157,741758d0-e681-4518-8fcb-275a913d5a50,f1c0ab65-8115-4108-b751-4213b1b523c9
Dennis DeYoung,"DeYoung, Dennis",Desert Moon [1984 CD 44kHz DR13],8,1,13,1984,1984,16,44,2,1,1417,1417,,,m186016,4929792,a07559e1-4d26-3bdd-bea0-2bbb285e3c17,4f984aa9-b453-4fac-a851-0fc52d30f89e
Dennis DeYoung,"DeYoung, Dennis","26 East, Vol. 2 [2021 CD 44kHz DR07]",13,1,07,2021,2021,16,44,2,1,1500,1500,,,m2167756,19101643,ea958f05-5312-4b67-92b5-0951130201c6,79847fa2-3692-4f05-b95c-5861e9351d66
Saga,Saga,In Transit [1987 CD 44kHz DR13],9,1,13,1982,1987,16,44,2,1,1500,1500,,,m42180,13677171,a60745e5-b82a-3e5e-a089-f8ca1083e11b,3a3788d0-5bef-3619-95b1-0fdc760f0b25
Saga,Saga,Heads Or Tales [2021 Qobuz 48kHz DR11],10,1,11,1983,2021,24,48,2,1,4000,4000,,Qobuz,m42113,19936798,21f6aa26-3e6e-3311-a341-0cfa962296b5,519f541f-efe9-45b7-9fae-6af1bc58391c
Saga,Saga,Worlds Apart [1987 CD 44kHz DR13],9,1,13,1981,1987,16,44,2,1,1500,1500,,,m58997,573520,439401cf-0bef-365d-b190-29eedba923e6,16d6458f-03b7-3e20-9fca-8c0c0f87be8a
Saga,Saga,Saga [2021 Qobuz 48kHz DR10],8,1,10,1978,2021,24,48,2,1,1500,1500,,Qobuz,m58992,20020456,8a6ad7da-c684-3f5e-b3d6-2ebd8cdae9b1,f75a774a-d4da-4267-ab54-193847215b82
REO Speedwagon,REO Speedwagon,Hi Infidelity - 30th Anniversary Edition [2011 Qobuz 44kHz DR10],10,2,10,1980,2011,16,44,2,1,1400,1400,Hi Infidelity - 30th Anniversary Edition,Qobuz,m95203,11213498,89a69718-85a9-3ac6-b935-8e02ad89638b,a3d8c1a8-d103-4a5e-b8ca-6ab51a0e262c
REO Speedwagon,REO Speedwagon,"The Earth, A Small Man, His Dog And A Chicken [1990 CD 44kHz DR10]",11,1,10,1990,1990,16,44,2,1,1280,1280,,,m317436,2757260,,c9de58ee-67c4-4d1d-83fd-82a78c0c1e97
REO Speedwagon,REO Speedwagon,Hi Infidelity [2024 Qobuz 192kHz DR12],10,1,12,1980,2024,24,192,2,1,3000,3000,,Qobuz,m95203,30584845,89a69718-85a9-3ac6-b935-8e02ad89638b,1e639bf3-6b4c-4e1a-9d15-c61511804c8f
REO Speedwagon,REO Speedwagon,Good Trouble [1989 Qobuz 44kHz DR12],10,1,12,1982,1989,16,44,2,1,1400,1400,,Qobuz,m95205,6106715,faff92fb-9232-3759-9d8a-70cd966c2610,85a2ac36-d1c5-492d-b5b5-35dcdf355a16
REO Speedwagon,REO Speedwagon,Life As We Know It [1987 CD 44kHz DR13],10,1,13,1987,1987,16,44,2,1,1280,1280,,,m95214,6320526,383c24ef-29cc-3d02-b46c-837f3405bb1d,7cff6170-d2f1-48b3-a558-d2256f97f113
REO Speedwagon,REO Speedwagon,The Hits [1988 CD 44kHz DR13],14,1,13,1988,1988,16,44,2,1,1500,1500,,,m95217,9551258,,da37cd6a-1a3e-4d0c-9399-716aeb37a658
Cutting Crew,Cutting Crew,(I Just) Died In Your Arms [1986 Vinyl 96kHz DR13],3,1,13,1986,1986,24,96,2,1,3258,3258,,Vinyl,m30670,539061,481a13cd-122a-3327-8ea9-347a5a776fe5,663dc425-0825-43b7-992a-3893ea0161d6
Cutting Crew,Cutting Crew,Broadcast [2010 CD 44kHz DR11],14,1,11,1986,2010,16,44,2,1,2400,2400,,,m65301,2813033,fc218e4c-8cee-36d7-b8ee-595879839b24,07e8751b-d8be-4d09-81e6-62cd27061c7e
Queen,Queen,A Day At The Races [1989 CD 44kHz DR12],10,1,12,1976,1989,16,44,2,1,1500,1500,A Day At The Races,,m6108,3033392,a106e33b-e440-3ff3-9250-c6408ed73e60,762cb62a-e91d-402d-8a2e-3d1068ca53d5
Queen,Queen,A Night At The Opera [1989 CD 44kHz DR11],12,1,11,1975,1989,16,44,2,1,1500,1500,,,m5863,3887845,6b47c9a0-b9e1-3df9-a5e8-50a6ce0dbdbd,aeff921c-5533-4fec-8b90-a7a9a40813d7
Queen,Queen,Innuendo [1991 CD 44kHz DR12],12,1,12,1991,1991,16,44,2,1,1500,1500,,,m19705,6266865,daf57856-a734-3441-b0fd-26aa5f28ca64,9098171d-ad7e-4fc5-a2a0-d38be7ba799a
Queen,Queen,The Miracle [1989 CD 44kHz DR13],13,1,13,1989,1989,16,44,2,1,1500,1500,,,m18755,4814384,0c3067cd-0fc6-34fa-8611-cf3324b29c8a,9b8c3b12-ebe0-4942-9879-a17d093acffc
Queen,Queen,A Kind Of Magic [1986 CD 44kHz DR13],12,1,13,1986,1986,16,44,2,1,1500,1500,,,m16143,1964028,84f508a9-beae-3e97-b59e-3a8886c6e901,565dff1c-33b2-4041-9f9b-52141cb4c96e
Queen,Queen,The Game [1994 MFSL UDCD 44kHz DR12],10,1,12,1980,1994,16,44,2,1,1500,1500,,MFSL UDCD,m13248,2370094,75702ddf-a46c-3cac-bace-0a466eb3c37c,2c12e3ff-9dee-3cc1-807a-c0b15e8d074f
Queen,Queen,Queen II [1986 CD 44kHz DR11],11,1,11,1974,1986,16,44,2,1,1400,1400,,,m31526,2879931,93d91bd6-1b55-3751-bca7-8b9d33beb7ef,5714adc2-c787-4b35-b8eb-f3e9154a70e7
Queen,Queen,News Of The World [1993 MFSL UDCD 44kHz DR09],11,1,09,1977,1993,16,44,2,1,1500,1500,,MFSL UDCD,m6414,1336781,c172ea98-3a82-3254-b8ad-25a4f465ba03,0060992e-439c-34b0-9aeb-9df1dcef23f3
Queen,Queen,Flash Gordon (Original Soundtrack Music) [1986 CD 44kHz DR11],18,1,11,1980,1986,16,44,2,1,1500,1500,,,m12820,2879946,70bd9521-c3ea-38c9-9d67-a6a6100bfa48,7be83680-24a9-4c9c-93ae-4d6cadf3cef3
Queen,Queen,Sheer Heart Attack [1986 CD 44kHz DR12],13,1,12,1974,1986,16,44,2,1,1500,1500,,,m5303,4482943,002ed683-3327-3df0-88c8-318746089925,0be3bd27-e5b2-411c-ab9d-3cb6f360d5de
Queen,Queen,A Night At The Opera [1992 MFSL UDCD 44kHz DR11],12,1,11,1975,1992,16,44,2,1,1500,1500,,MFSL UDCD,m5863,1614644,6b47c9a0-b9e1-3df9-a5e8-50a6ce0dbdbd,a885cfae-1025-344c-8326-dea2094b2683
Queen,Queen,Hot Space [1986 CD 44kHz DR13],11,1,13,1982,1986,16,44,2,1,1500,1500,,,m8150,2979275,3918b90b-340e-3779-9d7e-ba1593653498,ac3360be-899a-4133-86df-aa593b339cb8
Queen,Queen,Queen [1986 CD 44kHz DR12],10,1,12,1973,1986,16,44,2,1,1400,1400,,,m5598,368513,810068af-2b3c-3e9c-b2ab-68a3f3e3787d,39220d0b-2961-33c9-b777-d7af0aa80bee
Queen,Queen,Made In Heaven [1995 CD 44kHz DR08],13,1,08,1995,1995,16,44,2,1,1500,1500,,,m20506,8212337,780e6a16-9384-307d-ae65-02e1d6313753,967ebc96-9331-4f62-8a40-161f233c0136
Queen,Queen,The Works [1984 CD 44kHz DR12],9,1,12,1984,1984,16,44,2,1,1500,1500,,,m15357,1998522,44c90c72-76b5-3c13-890e-3d37f21c10c9,0079c6a2-5027-4df8-872f-905c89bdabca
Queen,Queen,Rock Montreal + Live Aid [2024 Blu-ray 48kHz DR07],34,2,07,2007,2024,24,48,2,1,1500,1500,,Blu-ray,m36037,30648934,e0d97e8d-dc9e-3f1b-91a4-ec7df83eecb1,7d638c9c-acb8-4074-9df4-930eebc51c12
Queen,Queen,Live Killers [2004 CD 44kHz DR10],9,2,10,1979,2004,16,44,2,1,1500,1500,,,m7434,3886147,,3bb3668b-a6fd-447d-afba-0a17784a8abf
Queen,Queen,Jazz [1989 CD 44kHz DR13],13,1,13,1978,1989,16,44,2,1,1500,1500,,,m7103,1849614,c192ea46-7377-34f0-b332-dd9810edd560,04fa4243-e37c-479c-ab0e-b981b0be63da
James Taylor,"Taylor, James",(Live) [1993 CD 44kHz DR13],15,2,13,1993,1993,16,44,2,1,1500,1500,,,m278778,2470860,,ca551b91-c5aa-49d5-a49b-7a069eb32850
James Taylor,"Taylor, James",James Taylor's Greatest Hits [2020 Qobuz 192kHz DR13],12,1,13,1976,2020,24,192,2,1,1500,1500,,Qobuz,m68256,17146045,a5fd3ef5-a9eb-36b6-92a1-72896d0ee310,85dad5f7-6e6d-4fa9-b68f-4b114566cf89
Iain Matthews,"Matthews, Iain",Pure And Crooked [1990 CD 44kHz DR10],11,1,10,1990,1990,16,44,2,1,1400,1400,,,m305427,8743271,,2389c5dd-751e-4eed-aa2b-c6f618786ec0
R.E.M.,R.E.M.,Out Of Time [2012 Qobuz 88kHz DR07],11,1,07,1991,2012,24,88,2,1,3000,3000,,Qobuz,m44148,11867789,400a5fdd-e616-3598-a9bf-cd8275cb53d0,269cee4e-b808-41b4-9e7d-8b638e82b22f
R.E.M.,R.E.M.,Automatic For The People [2017 Qobuz 192kHz DR08],12,1,08,1992,2017,24,192,2,1,3000,3000,,Qobuz,m57830,11169221,c86c6af9-d10e-3079-b34b-30b682a797eb,499a3e93-235a-4b60-a124-dee9bf8bebec
Seal,Seal,Best | 1991 - 2004 [2004 Qobuz 44kHz DR07],13,2,07,2004,2004,16,44,2,1,1280,1280,,Qobuz,m59737,2019183,df579cac-fbd6-3444-917b-57deeb952f53,b55da4a2-0f6b-427f-bdd6-7357c114ba4c
Herbert Grönemeyer,"Grönemeyer, Herbert",Ö [1988 CD 44kHz DR12],10,1,12,1988,1988,16,44,2,1,1500,1500,,,m90573,1875237,06777e9e-ad85-36a8-be95-670006c9c642,7498c1b5-077b-49f2-9f9d-ba1225632332
Herbert Grönemeyer,"Grönemeyer, Herbert",4630 Bochum - 40 Jahre Edition [2024 Qobuz 44kHz DR05],15,1,05,1984,2024,24,44,2,1,2000,2000,4630 Bochum - 40 Jahre Edition,Qobuz,,30893997,7d58ee5f-e0a9-4c69-a6f9-2f2fb83d69dd,dfc5bb7f-5d0e-4a5f-af0c-63717d086b27
Herbert Grönemeyer,"Grönemeyer, Herbert",4630 Bochum [1984 CD 44kHz DR12],10,1,12,1984,1984,16,44,2,1,1500,1500,,,m90570,6715055,5ff40916-3a5d-3e8c-b6fa-aa454a59f674,9150f8df-0c54-3675-a94e-9998aba1bfce
Simple Minds,Simple Minds,The Best Of Simple Minds [2001 SACD 88kHz DR08],17,2,08,2001,2001,24,88,2,1,2223,2223,,SACD,58948,1703018,,922e17df-1765-417f-80fa-13477d4e9e42
Simple Minds,Simple Minds,Acoustic [2016 CD 44kHz DR07],12,1,07,2016,2016,16,44,2,1,1400,1400,,,m1096140,9414502,b9784057-a3d7-4297-ad4c-a66572d4f4d1,84714b1c-58ff-4e7b-8f39-768e7ebc7a0b
Joe Jackson / Graham Maby / Gary Burke,"Jackson, Joe, Maby, Graham, Burke, Gary",Summer In The City - Live In New York [2022 SACD 88kHz DR13],13,1,13,2000,2022,24,88,2,1,1400,1400,,SACD,m286435,24395369,45379ac1-116e-3644-bc24-39890f3c95d0,b8d2dc3a-8031-47fc-bfd6-e29adace2888
Randy Crawford,"Crawford, Randy",The Ultimate Collection [2005 CD 44kHz DR13],38,1,13,2005,2005,16,44,2,1,1383,1383,,,,1113061,,46a311df-d0d9-4440-992a-e31ba409e9eb
Peter Cetera,"Cetera, Peter",Solitude / Solitaire [1986 CD 44kHz DR14],9,1,14,1986,1986,16,44,2,1,1425,1425,,,m81276,9212967,,e903b4a2-b01c-4ba0-ab0a-ca8a92b91487
Sade,Sade,Diamond Life [1984 CD 44kHz DR15],9,1,15,1984,1984,16,44,2,1,1400,1400,,,m43936,4985683,af2a0c41-e612-3232-949d-bdca340c407c,7c920910-4578-44e6-b573-adb280ed83d8
Sade,Sade,Stronger Than Pride [1988 Qobuz 44kHz DR11],10,1,11,1988,1988,16,44,2,1,3720,3720,,Qobuz,m110941,4691285,ea64beae-333e-37fd-84c4-26a5d6dab17d,042520d9-e2bd-386f-9c7e-ca5d3f678b5c
Sade,Sade,Promise [1985 CD 44kHz DR14],11,1,14,1985,1985,16,44,2,1,1417,1417,,,m43946,845780,d49bd610-a10e-3f14-8bd0-0121f7f20a4d,8f343eab-6ed2-4b46-be17-7035d5d3c0cb
Rick Springfield,"Springfield, Rick",The Best Of Rick Springfield [1999 Qobuz 44kHz DR10],16,1,10,1999,1999,16,44,2,1,1487,1487,,Qobuz,m699128,5800308,e66aeb04-c090-3788-837d-440a3a6ea470,d83d4d84-b1cd-449e-895b-7acc36c16433
Rick Springfield,"Springfield, Rick",Hard To Hold - Soundtrack Recording [1984 CD 44kHz DR13],10,1,13,1984,1984,16,44,2,1,1500,1500,,,m142800,1809510,0e5bc7dc-7b0d-3bb4-a928-b9c9706b6208,b3105352-4e03-4ce7-834a-cc51fafa24ab
Heart,Heart,Greatest Hits 1985 - 1995 [2000 CD 44kHz DR08],18,1,08,2000,2000,16,44,2,1,1280,1280,,,m106525,18332830,bb864441-1563-3962-a62d-3c78a7812379,3475a050-7267-44de-b905-439b0f4804e5
"Jackson Browne , David Lindley","Browne, Jackson & Lindley, David",Love Is Strange [2010 CD 44kHz DR11],13,2,11,2010,2010,16,44,2,1,1657,1657,,,m1074774,2555329,,fdb1b57c-21aa-41a5-afef-dad063f7aa27
John Cougar Mellencamp,,Scarecrow [1985 CD 44kHz DR13],12,1,13,1985,1985,16,44,2,1,1400,1400,,,m101688,6324381,53bc159b-dd34-3486-a37d-e4f7a2b94991,bfc790a6-dfd7-4f05-b0e0-bcd6dd4619a7
John Cougar Mellencamp,"Mellencamp, John Cougar",American Fool [1982 Vinyl 96kHz DR12],9,1,12,1982,1982,24,96,2,1,1425,1425,,Vinyl,m101677,5594308,,50af175b-02bf-457f-a64e-65d7bda2ea31
Sting,Sting,The Soul Cages [1991 CD 44kHz DR14],9,1,14,1991,1991,16,44,2,1,1500,1500,,,m39322,446396,7ad29024-cf86-311c-9844-ca9054de16cd,d5786db7-0210-4be2-8902-a00c87099a8d
Sting,Sting,The Dream Of The Blue Turtles [1993 MFSL UDCD 44kHz DR13],10,1,13,1985,1993,16,44,2,1,1500,1500,,MFSL UDCD,m32708,446402,93ef0ae1-0735-3699-b450-d79bdcb3d0b8,7b7feb06-5bf7-30ed-84b2-d482dc9f8762
Sting,Sting,Bring On The Night [2005 DVD-Audio 192kHz DR15],6,2,15,1986,2005,24,192,2,1,1500,1500,,DVD-Audio,m33618,4324933,,5060cf25-c422-4f98-a1b9-13badd7ba055
Sting,Sting,Ten Summoner's Tales [1993 CD 44kHz DR12],12,1,12,1993,1993,16,44,2,1,1500,1500,,,,2151216,,a5d00a31-92aa-31bb-8521-30dd3bdd9bc1
Sting,Sting,My Songs [2019 CD 44kHz DR07],19,1,07,2019,2019,16,44,2,1,1500,1500,,,m1553980,13673808,,cdccb57f-b9a7-4812-bb96-ba8ce0d87eb7
Sting,Sting,Brand New Day [2004 SACD 88kHz DR10],10,1,10,1999,2004,24,88,2,1,1500,1500,,SACD,m33598,2289403,,34145171-a035-4a40-b374-364a534df9a4
Sting,Sting,...Nothing Like The Sun [1991 MFSL UDCD 44kHz DR15],12,1,15,1987,1991,16,44,2,1,1500,1500,,MFSL UDCD,m33572,1701867,ec048bb5-1fc3-32a7-b560-c07ddd0df544,3962f41d-71b2-3da6-9ecb-9d99c83d9995
Bee Gees,Bee Gees,Their Greatest Hits: The Record [2001 CD 44kHz DR07],21,2,07,2001,2001,16,44,2,1,1500,1500,,,m24098,19657267,,26906f4a-7ef3-3b73-9c24-ff84fa492262
Styx & REO Speedwagon,Styx & REO Speedwagon,Arch Allies [2000 Qobuz 44kHz DR07],12,2,07,2000,2000,16,44,2,1,1425,1425,,Qobuz,m664614,5388776,16c08858-0f05-35e3-9491-fdf50eb44837,54d434e6-82cb-42d0-8534-4893d8e55255
George Harrison,"Herrison, George",Cloud Nine [1987 CD 44kHz DR13],11,1,13,1987,1987,16,44,2,1,1180,1180,,,m74960,7945348,024b3f7e-f4b6-3ecd-a104-90a946344492,e578ceff-cf0c-462e-bb99-3cced5a69aff
Van Morrison,"Morrison, Van",Enlightenment [2020 Qobuz 96kHz DR10],12,1,10,1990,2020,24,96,2,1,2980,2980,,Qobuz,m16671,14922817,02a1ac43-a1e4-34a6-bbdb-1a552c271f1e,839847f6-4bb9-479f-9557-9f89399a4e23
Van Morrison,"Morrison, Van",Hymns To The Silence [2020 Qobuz 96kHz DR10],21,1,10,1991,2020,24,96,2,1,1500,1500,,Qobuz,m16791,14833032,ecb25d37-c12d-32a7-871c-573d0f5b39ed,fa4c68a8-8619-4034-b96a-1b3dfa3b203f
Van Morrison,"Morrison, Van",Days Like This [2020 Qobuz 96kHz DR10],12,1,10,1995,2020,24,96,2,1,1500,1500,,Qobuz,m25770,14918726,defa7bc5-d4ee-36b8-a190-22b49067034c,21592b5d-9e17-4a1b-85c6-2c0d4f431d6a
Chicago,Chicago,Chicago 16 [2013 HDTracks 192kHz DR14],10,1,14,1982,2013,24,192,2,1,2400,2400,,HDTracks,m97926,11934669,8c7a17ee-4100-3b24-9ad7-aa5c4d43b40c,b907a0bf-17f0-4942-be71-10234a909a20
Chicago,Chicago,Chicago 17 [2013 HDTracks 192kHz DR13],10,1,13,1984,2013,24,192,2,1,2400,2400,,HDTracks,m25569,11934693,3053c046-7bf3-34e7-b314-1fa2682ca81b,e56a2159-29fe-471a-845b-96c3d7e4a4bb
Journey,Journey,Greatest Hits [2015 HDTracks 96kHz DR09],16,1,09,1988,2015,24,96,2,1,3000,3000,,HDTracks,m92802,12023281,,55a9d615-f60b-4b2f-a872-31405340af90
Roy Orbison,"Orbison, Roy",Black & White Night [2004 DVD-Audio 96kHz DR08],17,1,08,1990,2004,24,96,2,1,1390,1390,,DVD-Audio,m744565,5990624,,367cf885-1192-4727-a8c5-c831e998ec9c
Tony Carey,"Carey, Tony",The Story So Far [1989 CD 44kHz DR12],10,1,12,1989,1989,16,44,2,1,1500,1500,,,m579740,4771151,,ed8130ba-319d-4132-a04b-76447c0eff71
Youssou N'Dour & Neneh Cherry,"N'Dour, Youssou, Cherry, Neneh",7 Seconds [1994 CD 44kHz DR11],5,1,11,1994,1994,16,44,2,1,1500,1500,,,m82785,181768,43c86a8b-ddab-3a9e-b56b-78a23e2133b3,8e678ad5-4d7c-4b53-9bb5-88928f9afd2c
Elton John,"John, Elton",Greatest Hits (DCC 24 KT Gold) [1994 CD 44kHz DR12],11,1,12,1974,1994,16,44,2,1,1500,1500,Greatest Hits (DCC 24 KT Gold),,m85568,6552567,6619f357-4115-3d8a-bd52-238641c23c28,74bc1724-3118-40fe-8a83-1076248aaa03
Elton John,"John, Elton",Too Low For Zero [1983 CD 44kHz DR12],10,1,12,1983,1983,16,44,2,1,1400,1400,,,m87201,4984041,06e023f6-8b88-3554-9ce6-e2b8f1e69925,efc1e52b-3dcd-4f67-8710-3b9a3e554f1a
Elton John,"John, Elton",Goodbye Yellow Brick Road [2010 SHM-SACD 176kHz DR12],17,1,12,1973,2010,24,176,2,1,1000,1000,,SHM-SACD,m30577,3420244,80df0f1b-4ce7-348a-aa1b-0d31ebff111a,b8835445-9ba6-4662-a6cb-a36129297f1b
Electric Light Orchestra,Electric Light Orchestra,Balance Of Power [2015 HDTracks 192kHz DR08],10,1,08,1986,2015,24,192,2,1,1500,1500,,HDTracks,m21730,12123889,9e484c34-e248-374a-a438-d5fd1bffe1b9,d942e454-1a8f-42c2-ba02-fbe88dbadfb3
Electric Light Orchestra,Electric Light Orchestra,A New World Record (30th Anniversary Edition) [2006 CD 44kHz DR09],15,1,09,1976,2006,16,44,2,1,1416,1416,A New World Record (30th Anniversary Edition),,m17470,2199944,e3fb6403-71d2-3815-b85a-4f4edb18a556,fba58e0e-1251-4797-8784-b9d8751c87c3
Electric Light Orchestra,Electric Light Orchestra,The Electric Light Orchestra [2015 Qobuz 96kHz DR06],9,1,06,1971,2015,24,96,2,1,1500,1500,,Qobuz,m97910,12115189,06c9ea56-a66c-37a1-866e-939100e73998,a57756b0-f7d9-437e-b85c-bd415608f233
Electric Light Orchestra,,Face The Music (MasterSound Collector's Edition) [1993 CD 44kHz DR12],8,1,12,1975,1993,16,44,2,1,1500,1500,Face The Music (MasterSound Collector's Edition),,m21693,2298345,,
Electric Light Orchestra,Electric Light Orchestra,Electric Light Orchestra II [2015 Qobuz 192kHz DR07],5,1,07,1973,2015,24,192,2,1,1500,1500,,Qobuz,m97911,12119758,a413adb4-919c-3a4d-b004-e8b1b39a38ad,20783fea-d1bd-47de-863d-8b66d907b7b1
Electric Light Orchestra,,Time [2015 HDTracks 192kHz DR07],13,1,07,1981,2015,24,192,2,1,1500,1500,,HDTracks,m71368,12123876,dc020487-5f78-3d97-b06e-5f7a3dbb2265,6ea4e39a-83cf-43c5-b4eb-30df16bac395
Electric Light Orchestra,Electric Light Orchestra,Mr. Blue Sky (The Very Best Of Electric Light Orchestra) [2012 Qobuz 44kHz DR07],12,1,07,2012,2012,16,44,2,1,3000,3000,,Qobuz,m491885,3997308,02637535-e213-4551-b8f7-afcd70f41f44,ad81ca3c-41c2-417a-a2c8-53e5b5e61e73
Electric Light Orchestra,Electric Light Orchestra,Time [1989 CD 44kHz DR11],13,1,11,1981,1989,16,44,2,1,1500,1500,,,m71368,6378064,dc020487-5f78-3d97-b06e-5f7a3dbb2265,4515f96b-ee03-4592-b419-68b887d0dd15
Electric Light Orchestra,Electric Light Orchestra,Discovery [1993 MasterSound 24 KT Gold Disc 44kHz DR13],9,1,13,1979,1993,16,44,2,1,1500,1500,,MasterSound 24 KT Gold Disc,m17491,7081102,e4f25e55-94d2-3037-a826-b3610490ea2d,a143f7ce-596c-434a-8298-481301fef06b
Electric Light Orchestra,Electric Light Orchestra,Wembley Or Bust [2017 Tidal 48kHz DR07],11,2,07,2017,2017,24,48,2,1,1500,1500,,Tidal,m1269609,11157193,,734149af-e6cb-445b-9c7e-f66c970f3fc0
Electric Light Orchestra,,Eldorado  (A Symphony By The Electric Light Orchestra) [1993 DCC Compact Classics 24 KT Gold 44kHz DR11],10,1,11,1974,1993,16,44,2,1,2000,2000,,DCC Compact Classics 24 KT Gold,m21685,5869461,,379fb1ae-5d7e-3e0c-bca7-b0639f365461
Electric Light Orchestra,Electric Light Orchestra,Secret Messages [2018 HDTracks 192kHz DR09],17,1,09,1983,2018,24,192,2,1,1400,1400,,HDTracks,m21720,12537229,2afe820d-6783-3eef-8527-eefd61e3a134,5910403c-72e9-481c-950c-c7b6eeff3ee0
Electric Light Orchestra,Electric Light Orchestra,On The Third Day [2015 Qobuz 192kHz DR08],9,1,08,1973,2015,24,192,2,1,1500,1500,,Qobuz,m21705,12119770,1f558f0f-9a51-44fe-8f20-d42c6490f916,8420d0d3-68cd-4ca7-8555-ef6850dc33fc
Electric Light Orchestra,Electric Light Orchestra,Eldorado - A Symphony By The Electric Light Orchestra [2022 MFSL SACD 88kHz DR12],10,1,12,1974,2022,24,88,2,1,1500,1500,,MFSL SACD,m21685,22678805,8c64bcf7-d73f-37c1-8a04-9b2f80a6d30f,9f74f3d0-0ca5-4368-9cad-e1d5b847a746
Electric Light Orchestra,Electric Light Orchestra,Flashback [2010 CD 44kHz DR10],21,3,10,2000,2010,16,44,2,1,1500,1500,,,m218671,12596637,959fa6aa-e07f-396e-8dc0-eb07413be442,b39d4d10-eff6-4dff-bdd6-ecc484bb0a61
Electric Light Orchestra,Electric Light Orchestra,Out Of The Blue [1986 CD 44kHz DR11],9,2,11,1977,1986,16,44,2,1,1500,1500,,,m21680,3946092,a720436f-9c8e-439a-a147-18e83441edab,98de174c-6b35-4867-8ca6-043a164fc3a9
Charlie Dore,"Dore, Charlie",Where To Now [1979 Vinyl 44kHz DR12],10,1,12,1979,1979,16,44,2,1,1440,1440,,Vinyl,m362184,5003468,31cc4ceb-5285-415e-b5e6-0a1e4b1eb3d3,2ff74173-07f8-4f5f-b601-3e7f90e63a7b
Patty Smyth,"Smyth, Patty",Patty Smyth [1992 CD 44kHz DR12],10,1,12,1992,1992,16,44,2,1,1500,1500,,,m269480,2303610,de9b8ea1-530a-30f9-b3eb-8f2414e8c151,c152137a-8440-49ce-89fe-a1ef7e0f3f49
Dion,Dion,Yo Frankie [1989 CD 44kHz DR12],10,1,12,1989,1989,16,44,2,1,1364,1364,,,m63969,12113395,,bc11c860-bb0a-4e60-b633-49198f8c01c5
"Eleanor McEvoy , James Cramer","James Cramer & McEvoy, Eleanor",Snowflakes Fall [2014 CD 44kHz DR07],1,1,07,2014,2014,16,44,2,1,2560,2560,,,,23624789,e3d25559-0395-4d24-aa0b-b8c882389be0,6db15bf8-6beb-4353-be79-e930b42e5598
Amy Macdonald,"Macdonald, Amy",Under Stars - Deluxe Version [2017 Qobuz 44kHz DR10],19,1,10,2017,2017,16,44,2,1,1200,1200,Under Stars - Deluxe Version,Qobuz,m1137586,9964147,6f60c8c6-b041-4a15-be52-d3c34775e8db,85e57291-50e6-4409-b8d2-96dca1cf9095
Talk Talk,Talk Talk,The Very Best Of Talk Talk [1997 CD 44kHz DR12],16,1,12,1997,1997,16,44,2,1,1500,1500,,,m120414,302174,,3db5f5a0-485c-4a2a-885a-7dfc76c594ab
Clarence Clemons,"Clemons, Clarence",Hero [1985 CD 44kHz DR08],9,1,08,1985,1985,16,44,2,1,1568,1568,,,m140041,4509871,5aa0b0a0-c8b4-3fa4-8ada-0fbcbaa21fde,afad794d-9ae2-4696-a44d-8dfb795fa0b3
Ben Folds,"Folds, Ben",Ben Folds Live [2002 Qobuz 44kHz DR10],17,1,10,2002,2002,16,44,2,1,1417,1417,,Qobuz,m293940,1371320,,abca02ce-aef1-43be-a2c2-3d0134bcb805
Christy Moore,"Moore, Christy",The Christy Moore Collection 81 - 91 [CD 44kHz DR13],20,1,13,0,0,16,44,2,1,1411,1411,,,m483337,1169721,,9d7f691d-7146-4341-bc14-76fe07bb740c
Christy Moore,"Moore, Christy",At The Point Live [1994 CD 44kHz DR14],14,1,14,1994,1994,16,44,2,1,1400,1400,,,m316042,5373370,,24c4d72b-fd9c-463a-802d-aebd5e8f2a0a
Christy Moore,"Moore, Christy",Graffiti Tongue [1997 CD 44kHz DR10],12,1,10,1996,1997,16,44,2,1,1400,1400,,,m316044,8395765,,6f593b5e-0161-4126-8e7c-14090a082f83
Fischer-Z,Fischer‐Z,Red Skies Over Paradise [1989 CD 44kHz DR13],13,1,13,1981,1989,16,44,2,1,1500,1500,,,m107674,3164846,f0e8e935-0594-30db-aef9-2299a4068b46,1ee1bd43-0f09-3f4a-b18e-d9577c18e8c4
Tupelo,Tupelo,Push On [2014 CD 44kHz DR09],12,1,09,2014,2014,16,44,2,1,3000,3000,,,m1386607,6530829,6a4a5593-eca1-4b14-99cb-a8ed2a055981,6fbe2c75-ce18-4458-b492-94db1df5cb0c
Sinéad O'Connor,"O’Connor, Sinéad",I Do Not Want What I Haven't Got [2009 CD 44kHz DR09],10,2,09,1990,2009,16,44,2,1,1417,1417,,,m51591,1817050,9747bcfe-7c42-35ac-8c3e-7ecac9f1227b,ff082da1-a3d6-35c3-8082-ad4c53b195f2
"Huey Lewis , Gwyneth Paltrow","Lewis, Huey, Paltrow, Gwyneth",Cruisin' [2000 CD 44kHz DR08],3,1,08,2000,2000,16,44,2,1,2000,2000,,,m428317,3544261,00969b59-2de7-3b4d-8ff5-f9d26538f79e,6a23fb83-7f6b-4548-9f21-5bbe3b51fa4c
Die Crackers,"Crackers, Die",BRDigung [1993 CD 44kHz DR11],14,1,11,1981,1993,16,44,2,1,3000,3000,,,m17283,1258703,718bda0a-8b49-361f-bda9-e44d19627792,020da6a5-b0fd-3a71-919d-5e158f32e853
Dave Edmunds,"Edmunds, Dave",Closer To The Flame [1990 CD 44kHz DR12],11,1,12,1989,1990,16,44,2,1,2788,2788,,,m214252,2055387,aa49c95c-f734-3258-8ed0-b0753f186735,873f9f76-7c1d-4ef5-89a3-3787e71798a7
The Chieftains,"Chieftains ,The",The Long Black Veil [1995 CD 44kHz DR11],13,1,11,1995,1995,16,44,2,1,3600,3600,,,m54409,19246114,,
